id,color_identity,edh_rec_rank,has_alt_deck_limit,is_game_changer,is_reserved,layout,legalities,mana_value,name,printings,rulings
2-mace,['W'],17815,False,False,False,normal,"{'brawl': 'Legal', 'commander': 'Legal', 'duel': 'Legal', 'gladiator': 'Legal', 'historic': 'Legal', 'legacy': 'Legal', 'modern': 'Legal', 'oathbreaker': 'Legal', 'pauper': 'Legal', 'paupercommander': 'Legal', 'pioneer': 'Legal', 'timeless': 'Legal', 'vintage': 'Legal'}",2,+2 Mace,['AFR'],
a-killer-among-us,['G'],22038,False,False,False,normal,"{'brawl': 'Legal', 'commander': 'Legal', 'duel': 'Legal', 'future': 'Legal', 'gladiator': 'Legal', 'historic': 'Legal', 'legacy': 'Legal', 'modern': 'Legal', 'oathbreaker': 'Legal', 'pioneer': 'Legal', 'standard': 'Legal', 'standardbrawl': 'Legal', 'timeless': 'Legal', 'vintage': 'Legal'}",5,A Killer Among Us,['MKM'],"[{'date': '2024-02-02', 'text': ""A Killer Among Us's last ability can target any attacking creature token, not just one of the tokens created by its first ability, and not just one of the chosen type. Only a token of the chosen type will get the bonuses, though.""}, {'date': '2024-02-02', 'text': 'If you control multiple copies of A Killer Among Us, you may choose the same or different creature types for each one. Be careful to keep track of which type is chosen for each A Killer Among Us.'}, {'date': '2024-02-02', 'text': 'Only the player who secretly chose the creature type can reveal the creature type they chose. If another player gains control of A Killer Among Us, they will be unable to activate its last ability.'}, {'date': '2024-02-02', 'text': ""There are several ways to secretly choose one of the creature types, including writing that type on a piece of paper that's kept with A Killer Among Us.""}]"
a-little-chat,['U'],13540,False,False,False,normal,"{'brawl': 'Legal', 'commander': 'Legal', 'duel': 'Legal', 'gladiator': 'Legal', 'historic': 'Legal', 'legacy': 'Legal', 'modern': 'Legal', 'oathbreaker': 'Legal', 'pioneer': 'Legal', 'timeless': 'Legal', 'vintage': 'Legal'}",2,A Little Chat,['SNC'],"[{'date': '2022-04-29', 'text': 'Casualty N means “As an additional cost to cast this spell, you may sacrifice a creature with power N or greater.” and “When you cast this spell, if a casualty cost was paid for it, copy it. If the spell has any targets, you may choose new targets for the copy.”'}, {'date': '2022-04-29', 'text': ""If there's only one card in your library as A Little Chat resolves, you'll put it into your hand.""}, {'date': '2022-04-29', 'text': 'If you pay the casualty cost of a spell, the copy will resolve before the original spell.'}, {'date': '2022-04-29', 'text': ""The copy of the spell is created on the stack, so it's not “cast.” Abilities that trigger when a player casts a spell won't trigger.""}, {'date': '2022-04-29', 'text': ""You may sacrifice only one creature to pay a spell's casualty cost, and you copy the spell only once.""}]"
a-realm-reborn,['G'],8759,False,False,False,normal,"{'alchemy': 'Legal', 'brawl': 'Legal', 'commander': 'Legal', 'duel': 'Legal', 'future': 'Legal', 'gladiator': 'Legal', 'historic': 'Legal', 'legacy': 'Legal', 'modern': 'Legal', 'oathbreaker': 'Legal', 'penny': 'Legal', 'pioneer': 'Legal', 'standard': 'Legal', 'standardbrawl': 'Legal', 'timeless': 'Legal', 'vintage': 'Legal'}",6,A Realm Reborn,"['FIN', 'PFIN']",
a-tale-for-the-ages,['W'],13911,False,False,False,normal,"{'brawl': 'Legal', 'commander': 'Legal', 'duel': 'Legal', 'future': 'Legal', 'gladiator': 'Legal', 'historic': 'Legal', 'legacy': 'Legal', 'modern': 'Legal', 'oathbreaker': 'Legal', 'penny': 'Legal', 'pioneer': 'Legal', 'standard': 'Legal', 'standardbrawl': 'Legal', 'timeless': 'Legal', 'vintage': 'Legal'}",2,A Tale for the Ages,"['PWOE', 'WOE']",
aang-a-lot-to-learn,"['G', 'W']",21372,False,False,False,normal,"{'brawl': 'Legal', 'commander': 'Legal', 'duel': 'Legal', 'historic': 'Legal', 'legacy': 'Legal', 'oathbreaker': 'Legal', 'timeless': 'Legal', 'vintage': 'Legal'}",3,"Aang, A Lot to Learn",['TLE'],"[{'date': '2025-10-02', 'text': ""Gaining vigilance any time after the moment you choose to attack with Aang, A Lot to Learn won't cause him to become untapped, and losing vigilance after that time won't cause it to become tapped.""}]"
aang-air-nomad,['W'],13512,False,False,False,normal,"{'brawl': 'Legal', 'commander': 'Legal', 'duel': 'Legal', 'historic': 'Legal', 'legacy': 'Legal', 'oathbreaker': 'Legal', 'timeless': 'Legal', 'vintage': 'Legal'}",5,"Aang, Air Nomad","['PMEI', 'TLE']",
aang-airbending-master,['W'],5865,False,False,False,normal,"{'brawl': 'Legal', 'commander': 'Legal', 'duel': 'Legal', 'historic': 'Legal', 'legacy': 'Legal', 'oathbreaker': 'Legal', 'timeless': 'Legal', 'vintage': 'Legal'}",5,"Aang, Airbending Master",['TLE'],"[{'date': '2025-10-02', 'text': 'All experience counters are identical, no matter how you got them. For example, the last ability will count experience counters that you got from the second ability, from another ability, from another copy of Aang, Airbending Master, and so on.'}, {'date': '2025-10-02', 'text': 'If the spell you cast has {X} in its mana cost, you must choose 0 as the value of X.'}, {'date': '2025-10-02', 'text': ""Lands exiled this way cannot be played from exile. (Lands that were animated by earthbend will be returned to the battlefield tapped when they're exiled.)""}, {'date': '2025-10-02', 'text': ""Since you are using an alternative cost to cast a spell from exile this way, you can't pay any other alternative costs. You can, however, pay additional costs, such as kicker costs. If the card has any mandatory additional costs, you must pay those.""}, {'date': '2025-10-02', 'text': 'The experience counter goes on you, the player, not on Aang. You will keep that counter even if Aang, Airbending Master dies.'}, {'date': '2025-10-02', 'text': ""To airbend one or more permanents and/or spells means to exile each of those objects. For each card exiled this way, for as long as it's exiled, its owner may cast it from exile by paying {2} rather than paying its mana cost.""}, {'date': '2025-10-02', 'text': 'Tokens exiled this way will cease to exist and cannot be cast.'}]"
aang-and-katara,"['G', 'U', 'W']",10650,False,False,False,normal,"{'brawl': 'Legal', 'commander': 'Legal', 'duel': 'Legal', 'historic': 'Legal', 'legacy': 'Legal', 'oathbreaker': 'Legal', 'timeless': 'Legal', 'vintage': 'Legal'}",6,Aang and Katara,['TLE'],
aang-at-the-crossroads-aang-destined-savior,"['G', 'U', 'W']",6190,False,False,False,transform,"{'alchemy': 'Legal', 'brawl': 'Legal', 'commander': 'Legal', 'duel': 'Legal', 'future': 'Legal', 'gladiator': 'Legal', 'historic': 'Legal', 'legacy': 'Legal', 'modern': 'Legal', 'oathbreaker': 'Legal', 'penny': 'Legal', 'pioneer': 'Legal', 'standard': 'Legal', 'standardbrawl': 'Legal', 'timeless': 'Legal', 'vintage': 'Legal'}",5,"Aang, at the Crossroads // Aang, Destined Savior","['PTLA', 'TLA']",
aang-s-defense,['W'],17092,False,False,False,normal,"{'brawl': 'Legal', 'commander': 'Legal', 'duel': 'Legal', 'historic': 'Legal', 'legacy': 'Legal', 'oathbreaker': 'Legal', 'pauper': 'Legal', 'paupercommander': 'Legal', 'timeless': 'Legal', 'vintage': 'Legal'}",1,Aang's Defense,['TLE'],
aang-s-iceberg,['W'],7806,False,False,False,normal,"{'alchemy': 'Legal', 'brawl': 'Legal', 'commander': 'Legal', 'duel': 'Legal', 'future': 'Legal', 'gladiator': 'Legal', 'historic': 'Legal', 'legacy': 'Legal', 'modern': 'Legal', 'oathbreaker': 'Legal', 'penny': 'Legal', 'pioneer': 'Legal', 'standard': 'Legal', 'standardbrawl': 'Legal', 'timeless': 'Legal', 'vintage': 'Legal'}",3,Aang's Iceberg,"['PTLA', 'TLA']","[{'date': '2025-10-02', 'text': ""Auras attached to the exiled permanent will be put into their owners' graveyards. Any Equipment will become unattached and remain on the battlefield. Any counters on the exiled permanent will cease to exist. When the card returns to the battlefield, it will be a new object with no connection to the card that was exiled.""}, {'date': '2025-10-02', 'text': ""If Aang's Iceberg leaves the battlefield before its triggered ability resolves, including if it is sacrificed by its activated ability, the target permanent won't be exiled.""}, {'date': '2025-10-02', 'text': ""If a token is exiled this way, it will cease to exist and won't return to the battlefield.""}, {'date': '2025-10-02', 'text': ""If an Aura is exiled this way, its owner chooses what it will enchant as it returns to the battlefield. An Aura put onto the battlefield this way doesn't target anything (so it could be attached to a permanent with shroud, for example), but the Aura's enchant ability restricts what it can be attached to. If the Aura can't legally be attached to anything, it remains in exile for the rest of the game.""}, {'date': '2025-10-02', 'text': ""The third ability of Aang's Iceberg allows you to sacrifice Aang's Iceberg as the ability resolves, not as a cost to activate the ability. If Aang's Iceberg leaves the battlefield before the activated ability resolves, you will be unable to sacrifice Aang's Iceberg and will not scry, even if Aang's Iceberg was sacrificed via a different ability while its activated ability was on the stack.""}]"
aang-s-journey,[],5683,False,False,False,normal,"{'alchemy': 'Legal', 'brawl': 'Legal', 'commander': 'Legal', 'duel': 'Legal', 'future': 'Legal', 'gladiator': 'Legal', 'historic': 'Legal', 'legacy': 'Legal', 'modern': 'Legal', 'oathbreaker': 'Legal', 'pauper': 'Legal', 'paupercommander': 'Legal', 'penny': 'Legal', 'pioneer': 'Legal', 'standard': 'Legal', 'standardbrawl': 'Legal', 'timeless': 'Legal', 'vintage': 'Legal'}",2,Aang's Journey,['TLA'],
aang-swift-savior-aang-and-la-ocean-s-fury,"['U', 'W']",4743,False,False,False,transform,"{'alchemy': 'Legal', 'brawl': 'Legal', 'commander': 'Legal', 'duel': 'Legal', 'future': 'Legal', 'gladiator': 'Legal', 'historic': 'Legal', 'legacy': 'Legal', 'modern': 'Legal', 'oathbreaker': 'Legal', 'pioneer': 'Legal', 'standard': 'Legal', 'standardbrawl': 'Legal', 'timeless': 'Legal', 'vintage': 'Legal'}",3,"Aang, Swift Savior // Aang and La, Ocean's Fury","['PTLA', 'TLA']",
aang-the-last-airbender,['W'],7196,False,False,False,normal,"{'alchemy': 'Legal', 'brawl': 'Legal', 'commander': 'Legal', 'duel': 'Legal', 'future': 'Legal', 'gladiator': 'Legal', 'historic': 'Legal', 'legacy': 'Legal', 'modern': 'Legal', 'oathbreaker': 'Legal', 'penny': 'Legal', 'pioneer': 'Legal', 'standard': 'Legal', 'standardbrawl': 'Legal', 'timeless': 'Legal', 'vintage': 'Legal'}",4,"Aang, the Last Airbender",['TLA'],
aarakocra-sneak,['U'],8347,False,False,False,normal,"{'commander': 'Legal', 'duel': 'Legal', 'legacy': 'Legal', 'oathbreaker': 'Legal', 'pauper': 'Banned', 'paupercommander': 'Legal', 'vintage': 'Legal'}",4,Aarakocra Sneak,['CLB'],"[{'date': '2022-06-10', 'text': 'A player who currently has the initiative may take the initiative again. This causes that player to venture into Undercity again, but does not cause them to have multiple initiative designations.'}, {'date': '2022-06-10', 'text': 'If the player with the initiative leaves the game, the active player takes the initiative at the same time that player leaves the game. If the active player is leaving the game or if there is no active player, the next player in turn order takes the initiative.'}, {'date': '2022-06-10', 'text': ""If you aren't in a dungeon when instructed to venture into Undercity, you will put Undercity into the command zone and move your venture marker to Secret Entrance (the first room).""}, {'date': '2022-06-10', 'text': ""If you're already in a dungeon when instructed to venture into Undercity, you move to the next room of that dungeon. If you are already in the last room, you will complete that dungeon and start Undercity. This is true whether you're already in Undercity or any other dungeon.""}, {'date': '2022-06-10', 'text': 'In a Two-Headed Giant game, if both players on a team deal combat damage to the player that has the initiative at the same time, the player with the initiative will choose the order of the triggered abilities. Then, as those abilities resolve, one team member takes the initiative (and ventures into Undercity) and then the other team member does the same. The last player to take the initiative keeps it until the initiative changes again.'}, {'date': '2022-06-10', 'text': 'Only one player can have the initiative at a time. As one player takes the initiative, any other player that had the initiative ceases to have it.'}, {'date': '2022-06-10', 'text': ""Similarly, when instructed to venture into Undercity, you can't start a dungeon that isn't Undercity.""}, {'date': '2022-06-10', 'text': 'The initiative is a designation a player can have. A player with the initiative designation is said to ""have the initiative."" The initiative carries two inherent rules. First, whenever a player takes the initiative, and at the beginning of the upkeep of the player with the initiative, that player ventures into Undercity. Second, whenever one or more creatures a player controls deal combat damage to the player who has the initiative, the first player takes the initiative. Also, some abilities will refer to having the initiative and provide other benefits.'}, {'date': '2022-06-10', 'text': 'There is no initiative in a game until an effect instructs a player to take the initiative. Once a player is instructed to do this, they have the initiative until another player takes the initiative.'}, {'date': '2022-06-10', 'text': ""You cannot venture into Undercity unless instructed to do so, either because you have the initiative at the beginning of your upkeep or because you take the initiative. Notably, if you aren't in a dungeon and an effect instructs you to venture into the dungeon (not venture into Undercity), you can't start Undercity.""}]"
aardvark-sloth,['W'],26565,False,False,False,normal,"{'brawl': 'Legal', 'commander': 'Legal', 'duel': 'Legal', 'historic': 'Legal', 'legacy': 'Legal', 'oathbreaker': 'Legal', 'pauper': 'Legal', 'paupercommander': 'Legal', 'timeless': 'Legal', 'vintage': 'Legal'}",4,Aardvark Sloth,['TLE'],
aatchik-emerald-radian,"['B', 'G']",7798,False,False,False,normal,"{'alchemy': 'Legal', 'brawl': 'Legal', 'commander': 'Legal', 'duel': 'Legal', 'future': 'Legal', 'gladiator': 'Legal', 'historic': 'Legal', 'legacy': 'Legal', 'modern': 'Legal', 'oathbreaker': 'Legal', 'penny': 'Legal', 'pioneer': 'Legal', 'standard': 'Legal', 'standardbrawl': 'Legal', 'timeless': 'Legal', 'vintage': 'Legal'}",6,"Aatchik, Emerald Radian","['DFT', 'PDFT']","[{'date': '2025-02-07', 'text': 'If Aatchik is dealt lethal damage at the same time as another Insect you control, Aatchik’s last ability will still trigger, causing each opponent to lose 1 life, but Aatchik won’t get a +1/+1 counter in time to save it.'}, {'date': '2025-02-07', 'text': 'If a card in your graveyard is an artifact creature card, count it only once when determining how many Insect tokens to create for Aatchik’s first ability.'}]"
abaddon-the-despoiler,"['B', 'R', 'U']",8352,False,False,False,normal,"{'commander': 'Legal', 'duel': 'Legal', 'legacy': 'Legal', 'oathbreaker': 'Legal', 'vintage': 'Legal'}",5,Abaddon the Despoiler,['40K'],
abandon-attachments,"['R', 'U']",4798,False,False,False,normal,"{'alchemy': 'Legal', 'brawl': 'Legal', 'commander': 'Legal', 'duel': 'Legal', 'future': 'Legal', 'gladiator': 'Legal', 'historic': 'Legal', 'legacy': 'Legal', 'modern': 'Legal', 'oathbreaker': 'Legal', 'pauper': 'Legal', 'paupercommander': 'Legal', 'pioneer': 'Legal', 'standard': 'Legal', 'standardbrawl': 'Legal', 'timeless': 'Legal', 'vintage': 'Legal'}",2,Abandon Attachments,['TLA'],
abandon-hope,['B'],21632,False,False,False,normal,"{'commander': 'Legal', 'duel': 'Legal', 'legacy': 'Legal', 'oathbreaker': 'Legal', 'predh': 'Legal', 'premodern': 'Legal', 'vintage': 'Legal'}",2,Abandon Hope,['TMP'],
abandon-reason,['R'],16627,False,False,False,normal,"{'brawl': 'Legal', 'commander': 'Legal', 'duel': 'Legal', 'gladiator': 'Legal', 'historic': 'Legal', 'legacy': 'Legal', 'modern': 'Legal', 'oathbreaker': 'Legal', 'pioneer': 'Legal', 'timeless': 'Legal', 'vintage': 'Legal'}",3,Abandon Reason,"['EMN', 'J25']","[{'date': '2016-07-13', 'text': ""You can't target the same creature twice to have it get +2/+0.""}, {'date': '2022-12-08', 'text': ""A card with madness that's discarded counts as having been discarded even though it's put into exile rather than a graveyard. If it was discarded to pay a cost, that cost is still paid. Abilities that trigger when a card is discarded will still trigger.""}, {'date': '2022-12-08', 'text': ""A spell cast for its madness cost is put onto the stack like any other spell. It can be countered, copied, and so on. As it resolves, it's put onto the battlefield if it's a permanent card or into its owner's graveyard if it's an instant or sorcery card.""}, {'date': '2022-12-08', 'text': ""Cards are discarded in a Magic game only from a player's hand. Effects that put cards into a player's graveyard from anywhere else do not cause those cards to be discarded.""}, {'date': '2022-12-08', 'text': ""Casting a spell with madness ignores the timing rules based on the card's card type. For example, you can cast a sorcery with madness if you discard it during an opponent's turn.""}, {'date': '2022-12-08', 'text': ""If you choose not to cast a card with madness when the madness triggered ability resolves, it's put into your graveyard. Madness doesn't give you another chance to cast it later.""}, {'date': '2022-12-08', 'text': ""If you discard a card with madness to pay the cost of a spell or activated ability, that card's madness triggered ability (and the spell that card becomes, if you choose to cast it) will resolve before the spell or ability the discard paid for.""}, {'date': '2022-12-08', 'text': 'If you discard a card with madness while a spell or ability is resolving, it moves immediately to exile. Continue resolving that spell or ability, noting that the card you discarded is not in your graveyard at this time. Its madness triggered ability will be placed onto the stack once that spell or ability has completely resolved.'}, {'date': '2022-12-08', 'text': ""Madness works independently of why you're discarding the card. You could discard it to pay a cost, because a spell or ability tells you to, or because you have too many cards in your hand during your cleanup step. You can't discard a card with madness just because you want to, though.""}, {'date': '2022-12-08', 'text': ""To determine the total cost of a spell, start with the mana cost or alternative cost (such as a madness cost) you're paying, add any cost increases, then apply any cost reductions. The mana value of the spell is determined by only its mana cost, no matter what the total cost to cast that spell was.""}]"
abandon-the-post,['R'],16774,False,False,False,normal,"{'brawl': 'Legal', 'commander': 'Legal', 'duel': 'Legal', 'gladiator': 'Legal', 'historic': 'Legal', 'legacy': 'Legal', 'modern': 'Legal', 'oathbreaker': 'Legal', 'pauper': 'Legal', 'paupercommander': 'Legal', 'pioneer': 'Legal', 'timeless': 'Legal', 'vintage': 'Legal'}",2,Abandon the Post,"['DBL', 'MID']",
abandoned-air-temple,['W'],2006,False,False,False,normal,"{'alchemy': 'Legal', 'brawl': 'Legal', 'commander': 'Legal', 'duel': 'Legal', 'future': 'Legal', 'gladiator': 'Legal', 'historic': 'Legal', 'legacy': 'Legal', 'modern': 'Legal', 'oathbreaker': 'Legal', 'penny': 'Legal', 'pioneer': 'Legal', 'standard': 'Legal', 'standardbrawl': 'Legal', 'timeless': 'Legal', 'vintage': 'Legal'}",0,Abandoned Air Temple,"['PTLA', 'TLA']","[{'date': '2025-10-02', 'text': 'If one of these lands enters at the same time as any number of basic lands, those other lands are not counted when determining if this land enters tapped or untapped.'}]"
abandoned-campground,"['U', 'W']",9365,False,False,False,normal,"{'alchemy': 'Legal', 'brawl': 'Legal', 'commander': 'Legal', 'duel': 'Legal', 'future': 'Legal', 'gladiator': 'Legal', 'historic': 'Legal', 'legacy': 'Legal', 'modern': 'Legal', 'oathbreaker': 'Legal', 'pauper': 'Legal', 'paupercommander': 'Legal', 'pioneer': 'Legal', 'standard': 'Legal', 'standardbrawl': 'Legal', 'timeless': 'Legal', 'vintage': 'Legal'}",0,Abandoned Campground,['DSK'],"[{'date': '2024-09-20', 'text': 'If one of these lands is entering at the same time as a ""shock land"" (a cycle of lands originally from Ravnica block that allow you to pay life or have them enter tapped), use the life totals of all players before choices are made for that shock land\'s replacement effect to determine whether or not the land enters tapped. For example, if a Lakeside Shack and a Breeding Pool you control are entering at the same time (perhaps because of the effect of a spell like Scapeshift), your life total is 14, and your opponent\'s life total is 20, the Lakeside Shack will enter tapped whether or not you choose to pay life as Breeding Pool enters.'}]"
abandoned-outpost,['W'],21560,False,False,False,normal,"{'commander': 'Legal', 'duel': 'Legal', 'legacy': 'Legal', 'oathbreaker': 'Legal', 'pauper': 'Legal', 'paupercommander': 'Legal', 'penny': 'Legal', 'predh': 'Legal', 'premodern': 'Legal', 'vintage': 'Legal'}",0,Abandoned Outpost,['ODY'],
abandoned-sarcophagus,[],12696,False,False,False,normal,"{'brawl': 'Legal', 'commander': 'Legal', 'duel': 'Legal', 'gladiator': 'Legal', 'historic': 'Legal', 'legacy': 'Legal', 'modern': 'Legal', 'oathbreaker': 'Legal', 'penny': 'Legal', 'pioneer': 'Legal', 'timeless': 'Legal', 'vintage': 'Legal'}",3,Abandoned Sarcophagus,"['AKR', 'C20', 'HOU', 'PHOU']","[{'date': '2017-07-14', 'text': ""A token permanent with cycling will go to your graveyard before ceasing to exist. It won't be exiled. Similarly, a nontoken permanent that lost cycling while it was on the battlefield will also go to your graveyard.""}, {'date': '2017-07-14', 'text': ""Abandoned Sarcophagus doesn't grant you permission to do anything with those cards except cast them. For example, you can't cycle nonland cards with cycling from your graveyard.""}, {'date': '2017-07-14', 'text': ""Certain older cards have variants of cycling, such as basic landcycling or Wizardcycling. Abandoned Sarcophagus's effect lets you cast these cards and exiles them if they weren't discarded for their cycling variant's ability.""}, {'date': '2017-07-14', 'text': ""If you cycle an instant card, you may cast it from your graveyard right away before any player may take any other action. If you do, that spell will resolve before the cycling ability. If you cycle a noninstant card without flash, you can't cast it until after the cycling ability has resolved.""}]"
abattoir-ghoul,['B'],19603,False,False,False,normal,"{'commander': 'Legal', 'duel': 'Legal', 'legacy': 'Legal', 'modern': 'Legal', 'oathbreaker': 'Legal', 'penny': 'Legal', 'vintage': 'Legal'}",4,Abattoir Ghoul,"['DDQ', 'ISD']","[{'date': '2011-09-22', 'text': ""You'll gain life equal to the creature's last known toughness before it died. For example, if Abattoir Ghoul deals 3 first-strike damage to a 7/7 creature and then you give the creature -5/-5 before the regular combat damage step, you'll gain 2 life.""}]"
abbey-gargoyles,['W'],28323,False,False,False,normal,"{'commander': 'Legal', 'duel': 'Legal', 'legacy': 'Legal', 'oathbreaker': 'Legal', 'predh': 'Legal', 'premodern': 'Legal', 'vintage': 'Legal'}",5,Abbey Gargoyles,"['5ED', 'HML', 'ME2', 'PTC']",
abbey-griffin,['W'],21742,False,False,False,normal,"{'commander': 'Legal', 'duel': 'Legal', 'legacy': 'Legal', 'modern': 'Legal', 'oathbreaker': 'Legal', 'pauper': 'Legal', 'paupercommander': 'Legal', 'penny': 'Legal', 'vintage': 'Legal'}",4,Abbey Griffin,['ISD'],
abbey-matron,['W'],28931,False,False,False,normal,"{'commander': 'Legal', 'duel': 'Legal', 'legacy': 'Legal', 'oathbreaker': 'Legal', 'pauper': 'Legal', 'paupercommander': 'Legal', 'predh': 'Legal', 'premodern': 'Legal', 'vintage': 'Legal'}",3,Abbey Matron,['HML'],
abbot-of-keral-keep,['R'],16099,False,False,False,normal,"{'brawl': 'Legal', 'commander': 'Legal', 'duel': 'Legal', 'gladiator': 'Legal', 'historic': 'Legal', 'legacy': 'Legal', 'modern': 'Legal', 'oathbreaker': 'Legal', 'penny': 'Legal', 'pioneer': 'Legal', 'timeless': 'Legal', 'vintage': 'Legal'}",2,Abbot of Keral Keep,"['2X2', 'EA3', 'ORI', 'PORI', 'PRM']","[{'date': '2015-06-22', 'text': ""Any spell you cast that doesn't have the type creature will cause prowess to trigger. If a spell has multiple types, and one of those types is creature (such as an artifact creature), casting it won't cause prowess to trigger. Playing a land also won't cause prowess to trigger.""}, {'date': '2015-06-22', 'text': ""If you don't play the card, it will remain exiled.""}, {'date': '2015-06-22', 'text': ""Once it triggers, prowess isn't connected to the spell that caused it to trigger. If that spell is countered, prowess will still resolve.""}, {'date': '2015-06-22', 'text': ""Playing the card exiled with Abbot of Keral Keep's ability follows the normal rules for playing that card. You must pay its costs, and you must follow all applicable timing rules. For example, if the card is a creature card, you can cast that card by paying its mana cost only during your main phase while the stack is empty.""}, {'date': '2015-06-22', 'text': 'Prowess goes on the stack on top of the spell that caused it to trigger. It will resolve before that spell.'}, {'date': '2015-06-22', 'text': ""The card exiled by Abbot of Keral Keep's ability is exiled face up.""}, {'date': '2015-06-22', 'text': ""Unless an effect allows you to play additional lands that turn, you can play a land card exiled with Abbot of Keral Keep's ability only if you haven't played a land yet that turn.""}, {'date': '2015-06-22', 'text': 'You may play that card that turn even if Abbot of Keral Keep is no longer on the battlefield or under your control.'}]"
abby-merciless-soldier,"['G', 'R']",16139,False,False,False,normal,"{'commander': 'Legal', 'duel': 'Legal', 'legacy': 'Legal', 'oathbreaker': 'Legal', 'vintage': 'Legal'}",3,"Abby, Merciless Soldier",['SLD'],
abdel-adrian-gorion-s-ward,['W'],2849,False,False,False,normal,"{'commander': 'Legal', 'duel': 'Legal', 'legacy': 'Legal', 'oathbreaker': 'Legal', 'vintage': 'Legal'}",5,"Abdel Adrian, Gorion's Ward",['CLB'],"[{'date': '2022-06-10', 'text': 'An effect that checks whether you control your commander is satisfied if you control one or both of your two commanders.'}, {'date': '2022-06-10', 'text': 'Both commanders start in the command zone, and the remaining 98 cards (or 58 cards in a Commander Draft game) of your deck are shuffled to become your library.'}, {'date': '2022-06-10', 'text': ""Cards that return to the battlefield after Abdel Adrian leaves the battlefield return under their owners' control.""}, {'date': '2022-06-10', 'text': 'Choose a Background is a variant of the partner ability. You may have two commanders if one of them is a legendary creature with the choose a background ability and the other is a legendary Background enchantment. Backgrounds and cards with choose a Background do not interact with cards which have any other partner ability.'}, {'date': '2022-06-10', 'text': ""If Abdel Adrian leaves the battlefield before its enters-the-battlefield ability resolves, you can't exile any nonland permanents. You won't create any Soldier creature tokens in this case.""}, {'date': '2022-06-10', 'text': ""If a card refers to a commander creature you own, a Background won't usually be counted or included for that effect. If another spell or ability causes your Background to become a creature, however, it will be included. Any effect that refers to your commander or a commander you own or control without specifying creature will apply to a Background that is your commander, as appropriate.""}, {'date': '2022-06-10', 'text': 'If something refers to your commander while you have two commanders, it refers to one of them of your choice. If you are instructed to perform an action on your commander (e.g. put it from the command zone into your hand due to Command Beacon), you choose one of your commanders at the time the effect happens.'}, {'date': '2022-06-10', 'text': 'If you control a Background that grants an ability to commander creatures you own, and you own more than one commander creature, each of them will have that ability.'}, {'date': '2022-06-10', 'text': ""If you exile a token nonland permanent this way, it ceases to exist. It won't be returned to the battlefield. You'll still create a Soldier creature token for it though.""}, {'date': '2022-06-10', 'text': ""If your Commander deck has two commanders, you can include only cards whose own color identities are also found in your commanders' combined color identities.""}, {'date': '2022-06-10', 'text': 'If your commander loses the choose a Background ability or stops being a Background during the game, as appropriate, it is still your commander.'}, {'date': '2022-06-10', 'text': ""Once the game begins, your two commanders are tracked separately. If you cast one, you won't have to pay an additional {2} the first time you cast the other. A player loses the game after having been dealt 21 combat damage from any one of them, not from both of them combined (although your Background won't usually be a creature anyway).""}, {'date': '2022-06-10', 'text': 'The Soldier creature tokens stay on the battlefield even after the exiled cards return.'}, {'date': '2022-06-10', 'text': 'You can choose two commanders that are the same color or colors.'}]"
abduction,['U'],18231,False,False,False,normal,"{'commander': 'Legal', 'duel': 'Legal', 'legacy': 'Legal', 'oathbreaker': 'Legal', 'predh': 'Legal', 'premodern': 'Legal', 'vintage': 'Legal'}",4,Abduction,"['6ED', 'WC97', 'WTH']","[{'date': '2009-10-01', 'text': 'Abduction may be cast targeting an untapped creature.'}]"
aberrant,['G'],5422,False,False,False,normal,"{'commander': 'Legal', 'duel': 'Legal', 'legacy': 'Legal', 'oathbreaker': 'Legal', 'vintage': 'Legal'}",2,Aberrant,['40K'],"[{'date': '2022-10-07', 'text': ""A creature with ravenous gets its counters as it enters the battlefield. It doesn't enter the battlefield first and then get its counters. Any triggered ability that looks for a creature with a certain power or toughness entering the battlefield will see the counters when it checks to see if it should trigger.""}, {'date': '2022-10-07', 'text': 'If a permanent spell with ravenous is copied, the copy will have the same value for X, and the token permanent that the spell becomes as it enters the battlefield will enter with X counters.'}, {'date': '2022-10-07', 'text': 'If another permanent enters the battlefield as a copy of a creature with Ravenous, it will not enter with any counters from the ravenous ability.'}, {'date': '2022-10-07', 'text': 'The triggered ability that checks to see if X is 5 or greater refers to the value of X that was chosen as the spell was cast, which may be different from the number of counters it entered with if there are replacement effects involved. This is also true for any other ability that it has which refers to X and triggers when it enters the battlefield.'}]"
aberrant-mind-sorcerer,['U'],13946,False,False,False,normal,"{'brawl': 'Legal', 'commander': 'Legal', 'duel': 'Legal', 'gladiator': 'Legal', 'historic': 'Legal', 'legacy': 'Legal', 'modern': 'Legal', 'oathbreaker': 'Legal', 'pioneer': 'Legal', 'timeless': 'Legal', 'vintage': 'Legal'}",5,Aberrant Mind Sorcerer,['AFR'],"[{'date': '2021-07-23', 'text': 'An ability that tells you to roll a die will also specify what to do with the result of that roll. Most often, this is in the form of a ""results table"" in the card text.'}, {'date': '2021-07-23', 'text': 'An effect that says ""choose a target, then roll a d20"" or similar still uses the normal process of putting an ability on the stack and resolving it. Choosing targets is part of putting the ability on the stack and rolling the d20 happens later, as the ability resolves.'}, {'date': '2021-07-23', 'text': 'Dice are identified by the number of faces each one has. For example, a d20 is a twenty-sided die.'}, {'date': '2021-07-23', 'text': 'Dice used must have equally likely outcomes and the roll must be fair. Although physical dice are recommended, digital substitutes are allowed, provided they have the same number of equally likely outcomes as specified in the original roll instruction.'}, {'date': '2021-07-23', 'text': 'Some abilities, like that of Pixie Guide and Barbarian Class, replace rolling a die with rolling extra dice and ignoring the lowest roll. The ignored rolls are not considered for the effect that instructed you to roll a die, and do not cause abilities to trigger. For all intents and purposes, once you determine which dice count, any extra dice were never rolled.'}, {'date': '2021-07-23', 'text': 'Some effects instruct you to roll again. This uses the same number and type of dice as the original roll, and that roll will use the same set of possible outcomes.'}, {'date': '2021-07-23', 'text': 'Some effects may modify the result of a die roll. This may be part of the instruction to roll a die or it may come from other cards. Anything that references the ""result"" of a die roll is looking for the result after these modifications. Anything that is looking for the ""natural result"" is looking for the number shown on the face of the die before these modifications.'}, {'date': '2021-07-23', 'text': 'The instruction to roll a die and the effect that occurs because of the result are all part of the same ability. Players do not get the chance to respond to the ability after knowing the result of the roll.'}, {'date': '2021-07-23', 'text': 'Tournament events have more specific rules regarding dice and die-rolling. For more information, please see the most recent version of the Magic Tournament Rules at https://wpn.wizards.com/en/document/magic-gathering-tournament-rules.'}, {'date': '2021-07-23', 'text': 'While playing Planechase, rolling the planar die will cause any ability that triggers whenever a player rolls one or more dice to trigger. However, any effect that refers to a numerical result will ignore the rolling of the planar die.'}]"
aberrant-researcher-perfected-form,['U'],22572,False,False,False,transform,"{'commander': 'Legal', 'duel': 'Legal', 'legacy': 'Legal', 'modern': 'Legal', 'oathbreaker': 'Legal', 'pioneer': 'Legal', 'vintage': 'Legal'}",4,Aberrant Researcher // Perfected Form,"['INR', 'SOI']","[{'date': '2016-04-08', 'text': 'If a replacement effect causes the top card of your library to go to a zone other than your graveyard, Aberrant Researcher will still transform if that card was an instant or sorcery card.'}, {'date': '2016-04-08', 'text': ""No player may take any action between the two steps of Aberrant Researcher's triggered ability. If the card put into your graveyard is an instant or sorcery card, Aberrant Researcher will have transformed before a player can take any action.""}]"
aberrant-return,['B'],7830,False,False,False,normal,"{'commander': 'Legal', 'duel': 'Legal', 'legacy': 'Legal', 'oathbreaker': 'Legal', 'vintage': 'Legal'}",6,Aberrant Return,['ECC'],
abeyance,['W'],14337,False,False,True,normal,"{'commander': 'Legal', 'duel': 'Legal', 'legacy': 'Legal', 'oathbreaker': 'Legal', 'predh': 'Legal', 'premodern': 'Legal', 'vintage': 'Legal'}",2,Abeyance,"['OLEP', 'WC97', 'WC98', 'WTH']","[{'date': '2004-10-04', 'text': ""Abeyance does not affect abilities which are not activated, such as static abilities and triggered abilities. It also doesn't stop the declaration of attackers or blockers.""}, {'date': '2004-10-04', 'text': 'Abeyance never prevents mana abilities from being activated.'}, {'date': '2004-10-04', 'text': 'Abeyance prohibits activated abilities of cards which are not on the battlefield.'}, {'date': '2008-08-01', 'text': ""This can't be used as a counterspell. It will have no effect on spells which were on the stack when it was cast, nor on those cast in response to it.""}]"
abhorrent-oculus,['U'],5832,False,False,False,normal,"{'alchemy': 'Legal', 'brawl': 'Legal', 'commander': 'Legal', 'duel': 'Legal', 'future': 'Legal', 'gladiator': 'Legal', 'historic': 'Legal', 'legacy': 'Legal', 'modern': 'Legal', 'oathbreaker': 'Legal', 'pioneer': 'Legal', 'standard': 'Legal', 'standardbrawl': 'Legal', 'timeless': 'Legal', 'vintage': 'Legal'}",3,Abhorrent Oculus,"['DSK', 'PDSK', 'SCH']","[{'date': '2024-09-20', 'text': ""A permanent that turns face up or face down changes characteristics but is otherwise the same permanent. Spells and abilities that were targeting that permanent and Auras and Equipment that were attached to that permanent aren't affected unless the new characteristics of the object change the legality of those targets or attachments.""}, {'date': '2024-09-20', 'text': 'Abhorrent Oculus\'s additional cost must be paid even if it\'s cast ""without paying its mana cost"" or for any alternative cost.'}, {'date': '2024-09-20', 'text': ""Any time you have priority, you can turn a manifested permanent you control face up by revealing that it's a creature card (ignoring any copy effects or type-changing effects that might be applying to it) and paying its mana cost. This is a special action. It doesn't use the stack and can't be responded to.""}, {'date': '2024-09-20', 'text': ""At any time, you can look at a face-down spell or permanent you control. You can't look at face-down permanents or spells you don't control unless an effect instructs or allows you to do so.""}, {'date': '2024-09-20', 'text': ""Because face-down creatures don't have a name, they can't have the same name as any other creature, even another face-down creature.""}, {'date': '2024-09-20', 'text': ""Because the permanent is on the battlefield both before and after it's turned face up, turning a permanent face up doesn't cause any enters-the-battlefield abilities to trigger.""}, {'date': '2024-09-20', 'text': ""If a double-faced card is manifested, it will be put onto the battlefield face down. While face down, it can't transform. If the front face of the card is a creature card, you can turn it face up by paying its mana cost. If you do, its front face will be up.""}, {'date': '2024-09-20', 'text': ""If a face-down creature loses its abilities, it can't be turned face up with a disguise or morph ability because it will no longer have that ability (or the associated cost) once face up.""}, {'date': '2024-09-20', 'text': 'If a face-down spell leaves the stack and goes to any zone other than the battlefield (if it was countered, for example), you must reveal it. Similarly, if a face-down permanent leaves the battlefield, you must reveal it. You must also reveal all face-down spells and permanents you control if you leave the game or the game ends.'}, {'date': '2024-09-20', 'text': 'If a manifested creature would have disguise or morph if it were face up, you may also turn it face up by paying its disguise or morph cost, as appropriate.'}, {'date': '2024-09-20', 'text': ""If something tries to turn a face-down instant or sorcery card on the battlefield face up, reveal that card to show all players it's an instant or sorcery card. The permanent remains on the battlefield face down. Abilities that trigger when a permanent turns face up won't trigger, because even though you revealed the card, it never turned face up.""}, {'date': '2024-09-20', 'text': ""If your library contains only one card when you manifest dread, you'll look at that card and put it onto the battlefield face down. You won't have the option to put it into your graveyard instead. If your library contains no cards when you manifest dread, you won't do anything.""}, {'date': '2024-09-20', 'text': 'Some cards in the Duskmourn release have abilities that trigger ""whenever you manifest dread."" In circumstances where you are instructed to manifest dread but can\'t perform some or all of the steps of manifesting dread (probably because your library has one or fewer cards in it), these abilities will still trigger.'}, {'date': '2024-09-20', 'text': ""To manifest dread, look at the top two cards of your library. Manifest one (by putting it onto the battlefield face down) and put the other into your graveyard. The card you put onto the battlefield becomes a 2/2 face-down creature with no name, mana cost, creature types, or abilities. It's colorless and has a mana value of 0. Other effects that apply to the permanent can still grant it any characteristics it doesn't have or change the characteristics it does have.""}, {'date': '2024-09-20', 'text': ""Turning a permanent face up or face down doesn't change whether that permanent is tapped or untapped.""}, {'date': '2024-09-20', 'text': ""Unlike a face-down creature that was cast using a disguise or morph ability, a manifested creature may still be turned face up after it loses its abilities if it's a creature card.""}, {'date': '2024-09-20', 'text': ""You must ensure that your face-down spells and permanents can be easily differentiated from each other. You're not allowed to mix up the cards that represent them on the battlefield to confuse other players. The order in which they entered should remain clear, as well as what ability caused them to be face down. (This includes manifest, disguise, cloak, morph, and a few older effects that turn cards face down.) Common methods for doing this include using markers or dice, or simply placing them in order on the battlefield.""}]"
abhorrent-overlord,['B'],5743,False,False,False,normal,"{'brawl': 'Legal', 'commander': 'Legal', 'duel': 'Legal', 'gladiator': 'Legal', 'historic': 'Legal', 'legacy': 'Legal', 'modern': 'Legal', 'oathbreaker': 'Legal', 'penny': 'Legal', 'pioneer': 'Legal', 'timeless': 'Legal', 'vintage': 'Legal'}",7,Abhorrent Overlord,"['PIO', 'PRM', 'PTHS', 'THS']","[{'date': '2013-09-15', 'text': 'Hybrid mana symbols, monocolored hybrid mana symbols, and Phyrexian mana symbols do count toward your devotion to their color(s).'}, {'date': '2013-09-15', 'text': ""If an activated ability or triggered ability has an effect that depends on your devotion to a color, you count the number of mana symbols of that color among the mana costs of permanents you control as the ability resolves. The permanent with that ability will be counted if it's still on the battlefield at that time.""}, {'date': '2013-09-15', 'text': ""Mana symbols in the text boxes of permanents you control don't count toward your devotion to any color.""}, {'date': '2013-09-15', 'text': ""Numeric mana symbols ({0}, {1}, and so on) in mana costs of permanents you control don't count toward your devotion to any color.""}]"
abiding-grace,['W'],8568,False,False,False,normal,"{'brawl': 'Legal', 'commander': 'Legal', 'duel': 'Legal', 'gladiator': 'Legal', 'historic': 'Legal', 'legacy': 'Legal', 'modern': 'Legal', 'oathbreaker': 'Legal', 'timeless': 'Legal', 'vintage': 'Legal'}",3,Abiding Grace,"['H2R', 'J21', 'MH2']","[{'date': '2021-06-18', 'text': 'If a creature card in your graveyard has {X} in its mana cost, X is 0 when determining its mana value.'}]"
abigale-eloquent-first-year,"['B', 'W']",11268,False,False,False,normal,"{'alchemy': 'Legal', 'brawl': 'Legal', 'commander': 'Legal', 'duel': 'Legal', 'future': 'Legal', 'gladiator': 'Legal', 'historic': 'Legal', 'legacy': 'Legal', 'modern': 'Legal', 'oathbreaker': 'Legal', 'pioneer': 'Legal', 'standard': 'Legal', 'standardbrawl': 'Legal', 'timeless': 'Legal', 'vintage': 'Legal'}",2,"Abigale, Eloquent First-Year","['ECL', 'PECL']","[{'date': '2025-11-17', 'text': ""If the affected creature gains an ability after Abigale's last ability resolves, it will keep that ability.""}, {'date': '2025-11-17', 'text': ""The effect of Abigale's last ability that causes the target creature to lose all abilities lasts indefinitely. It doesn't expire during the cleanup step or when Abigale leaves the battlefield.""}]"
abjure,['U'],6440,False,False,False,normal,"{'commander': 'Legal', 'duel': 'Legal', 'legacy': 'Legal', 'oathbreaker': 'Legal', 'pauper': 'Legal', 'paupercommander': 'Legal', 'predh': 'Legal', 'premodern': 'Legal', 'vintage': 'Legal'}",1,Abjure,['WTH'],"[{'date': '2009-10-01', 'text': ""You can't sacrifice more than one permanent.""}]"
abnormal-endurance,['B'],9336,False,False,False,normal,"{'brawl': 'Legal', 'commander': 'Legal', 'duel': 'Legal', 'gladiator': 'Legal', 'historic': 'Legal', 'legacy': 'Legal', 'modern': 'Legal', 'oathbreaker': 'Legal', 'pauper': 'Legal', 'paupercommander': 'Legal', 'penny': 'Legal', 'pioneer': 'Legal', 'timeless': 'Legal', 'vintage': 'Legal'}",2,Abnormal Endurance,['M19'],"[{'date': '2018-07-13', 'text': ""Abnormal Endurance's effect works only once. If the targeted creature dies and is then returned to the battlefield, it's considered to be a new creature. If that new creature dies, it won't come back.""}]"
aboleth-spawn,['U'],3697,False,False,False,normal,"{'commander': 'Legal', 'duel': 'Legal', 'legacy': 'Legal', 'oathbreaker': 'Legal', 'vintage': 'Legal'}",3,Aboleth Spawn,['CLB'],"[{'date': '2022-06-10', 'text': ""Aboleth Spawn's ability cares only about triggered abilities of the creature that's entering, not abilities of other permanents that trigger when that creature enters the battlefield.""}, {'date': '2022-06-10', 'text': ""Aboleth Spawn's ability will always go on the stack on top of the entering creature's triggered ability that caused it to trigger. The copy it creates will be created on the stack on top of the entering creature's triggered ability and the copy will resolve before that ability.""}, {'date': '2022-06-10', 'text': ""Effects that modify how a creature enters the battlefield are not triggered abilities and are not affected by Aboleth Spawn's ability. These include (but aren't limited to) entering the battlefield as a copy of another permanent, entering the battlefield with counters, and entering the battlefield tapped.""}, {'date': '2022-06-10', 'text': ""If the ability is modal (that is, it has a bulleted list of choices), the copy will have the same mode(s). You can't choose new ones.""}, {'date': '2022-06-10', 'text': ""The copy will have the same targets as the ability it's copying unless you choose new ones. You may change any number of the targets, including all of them or none of them. If, for one of the targets, you can't choose a new legal target, then it remains unchanged (even if the current target is illegal).""}, {'date': '2022-06-10', 'text': 'Triggered abilities use the words ""when,"" ""whenever,"" or ""at."" They\'re often written as ""[Trigger condition],[effect].""'}]"
abolish,['W'],12478,False,False,False,normal,"{'commander': 'Legal', 'duel': 'Legal', 'legacy': 'Legal', 'oathbreaker': 'Legal', 'predh': 'Legal', 'premodern': 'Legal', 'vintage': 'Legal'}",3,Abolish,"['DDF', 'PCY', 'PLST']",
abominable-treefolk,"['G', 'U']",11827,False,False,False,normal,"{'commander': 'Legal', 'duel': 'Legal', 'legacy': 'Legal', 'modern': 'Legal', 'oathbreaker': 'Legal', 'penny': 'Legal', 'vintage': 'Legal'}",4,Abominable Treefolk,['MH1'],"[{'date': '2019-06-14', 'text': ""Abominable Treefolk's last ability can target a creature that's already tapped. That creature won't untap during its controller's next untap step.""}, {'date': '2019-06-14', 'text': ""As long as Abominable Treefolk is on the battlefield, its first ability will count itself, so it'll be at least 1/1.""}, {'date': '2019-06-14', 'text': ""The ability that defines Abominable Treefolk's power and toughness works in all zones, not just the battlefield.""}]"
abomination,['B'],25388,False,False,False,normal,"{'commander': 'Legal', 'duel': 'Legal', 'legacy': 'Legal', 'oathbreaker': 'Legal', 'oldschool': 'Legal', 'predh': 'Legal', 'premodern': 'Legal', 'vintage': 'Legal'}",5,Abomination,"['4BB', '4ED', 'LEG', 'REN']","[{'date': '2004-10-04', 'text': 'The color of the blocking/blocked creature is checked only at declaration of the block. If the creature is green or white at that time, it will be destroyed at end of combat even if it changes color before combat ends.'}]"
abomination-of-gudul,"['B', 'G', 'U']",26354,False,False,False,normal,"{'brawl': 'Legal', 'commander': 'Legal', 'duel': 'Legal', 'gladiator': 'Legal', 'historic': 'Legal', 'legacy': 'Legal', 'modern': 'Legal', 'oathbreaker': 'Legal', 'pauper': 'Legal', 'paupercommander': 'Legal', 'penny': 'Legal', 'pioneer': 'Legal', 'timeless': 'Legal', 'vintage': 'Legal'}",6,Abomination of Gudul,['KTK'],"[{'date': '2014-09-20', 'text': ""A permanent that turns face up or face down changes characteristics but is otherwise the same permanent. Spells and abilities that were targeting that permanent, as well as Auras and Equipment that were attached to the permanent, aren't affected.""}, {'date': '2014-09-20', 'text': ""Any time you have priority, you may turn the face-down creature face up by revealing what its morph cost is and paying that cost. This is a special action. It doesn't use the stack and can't be responded to. Only a face-down permanent can be turned face up this way; a face-down spell cannot.""}, {'date': '2014-09-20', 'text': ""At any time, you can look at a face-down spell or permanent you control. You can't look at face-down spells or permanents you don't control unless an effect instructs you to do so.""}, {'date': '2014-09-20', 'text': ""Because the permanent is on the battlefield both before and after it's turned face up, turning a permanent face up doesn't cause any enters-the-battlefield abilities to trigger.""}, {'date': '2014-09-20', 'text': 'If a face-down permanent leaves the battlefield, you must reveal it. You must also reveal all face-down spells and permanents you control if you leave the game or if the game ends.'}, {'date': '2014-09-20', 'text': 'Morph lets you cast a card face down by paying {3}, and lets you turn the face-down permanent face up any time you have priority by paying its morph cost.'}, {'date': '2014-09-20', 'text': 'The face-down spell has no mana cost and has a mana value of 0. When you cast a face-down spell, put it on the stack face down so no other player knows what it is, and pay {3}. This is an alternative cost.'}, {'date': '2014-09-20', 'text': ""When the spell resolves, it enters the battlefield as a 2/2 creature with no name, mana cost, creature types, or abilities. It's colorless and has a mana value of 0. Other effects that apply to the creature can still grant it any of these characteristics.""}, {'date': '2014-09-20', 'text': ""You must ensure that your face-down spells and permanents can easily be differentiated from each other. You're not allowed to mix up the cards that represent them on the battlefield in order to confuse other players. The order they entered the battlefield should remain clear. Common methods for doing this include using markers or dice, or simply placing them in order on the battlefield.""}]"
abomination-of-llanowar,"['B', 'G']",5371,False,False,False,normal,"{'brawl': 'Legal', 'commander': 'Legal', 'duel': 'Legal', 'gladiator': 'Legal', 'historic': 'Legal', 'legacy': 'Legal', 'oathbreaker': 'Legal', 'timeless': 'Legal', 'vintage': 'Legal'}",3,Abomination of Llanowar,"['CMR', 'HA4', 'KHC', 'PRM']","[{'date': '2020-11-10', 'text': 'As long as Abomination of Llanowar is on the battlefield (and still an Elf) or in your graveyard, its ability will count itself.'}, {'date': '2020-11-10', 'text': ""The ability that defines Abomination of Llanowar's power and toughness applies in all zones, not just the battlefield.""}]"
aboroth,['G'],25792,False,False,True,normal,"{'commander': 'Legal', 'duel': 'Legal', 'legacy': 'Legal', 'oathbreaker': 'Legal', 'penny': 'Legal', 'predh': 'Legal', 'premodern': 'Legal', 'vintage': 'Legal'}",6,Aboroth,['WTH'],"[{'date': '2008-10-01', 'text': 'Paying cumulative upkeep is always optional. If it\'s not paid, the permanent with cumulative upkeep is sacrificed. Partial payments of the total cumulative upkeep cost can\'t be made. For example, if a permanent with ""cumulative upkeep {1}"" has three age counters on it when its cumulative upkeep ability triggers, it gets another age counter and then its controller chooses to either pay {4} or sacrifice the permanent.'}]"
aboshan-cephalid-emperor,['U'],18972,False,False,False,normal,"{'commander': 'Legal', 'duel': 'Legal', 'legacy': 'Legal', 'oathbreaker': 'Legal', 'penny': 'Legal', 'predh': 'Legal', 'premodern': 'Legal', 'vintage': 'Legal'}",6,"Aboshan, Cephalid Emperor","['ODY', 'PLST']",
aboshan-s-desire,['U'],14932,False,False,False,normal,"{'commander': 'Legal', 'duel': 'Legal', 'legacy': 'Legal', 'oathbreaker': 'Legal', 'pauper': 'Legal', 'paupercommander': 'Legal', 'predh': 'Legal', 'premodern': 'Legal', 'vintage': 'Legal'}",1,Aboshan's Desire,['ODY'],
about-face,['R'],22942,False,False,False,normal,"{'commander': 'Legal', 'duel': 'Legal', 'legacy': 'Legal', 'oathbreaker': 'Legal', 'pauper': 'Legal', 'paupercommander': 'Legal', 'predh': 'Legal', 'premodern': 'Legal', 'vintage': 'Legal'}",1,About Face,"['PLST', 'ULG']","[{'date': '2005-11-01', 'text': 'Note that the wording ""Effects that alter the creature\'s power alter its toughness instead, and vice versa, this turn"" has been removed.'}, {'date': '2021-03-19', 'text': 'Because damage remains marked on a creature until the damage is removed as the turn ends, nonlethal damage dealt to a creature may become lethal if you switch its power and toughness during that turn.'}, {'date': '2021-03-19', 'text': ""Effects that switch a creature's power and toughness apply after all other effects, regardless of when those effects began to apply. For instance, if you target a 1/2 creature then give it +2/+0 later in the turn, it's a 2/3 creature, not a 4/1 creature.""}, {'date': '2021-03-19', 'text': ""Switching a creature's power and toughness twice (or any even number of times) effectively returns the creature to the power and toughness it had before any switches.""}]"
abrade,['R'],153,False,False,False,normal,"{'alchemy': 'Legal', 'brawl': 'Legal', 'commander': 'Legal', 'duel': 'Legal', 'future': 'Legal', 'gladiator': 'Legal', 'historic': 'Legal', 'legacy': 'Legal', 'modern': 'Legal', 'oathbreaker': 'Legal', 'pauper': 'Legal', 'paupercommander': 'Legal', 'pioneer': 'Legal', 'standard': 'Legal', 'standardbrawl': 'Legal', 'timeless': 'Legal', 'vintage': 'Legal'}",2,Abrade,"['2XM', 'AKR', 'BLC', 'BRC', 'CMM', 'CMR', 'DBL', 'FDN', 'GN3', 'HOU', 'INR', 'LCI', 'PHOU', 'PLST', 'PRM', 'SCD', 'SLD', 'SOC', 'TDC', 'VOW']",
abraded-bluffs,"['R', 'W']",2573,False,False,False,normal,"{'brawl': 'Legal', 'commander': 'Legal', 'duel': 'Legal', 'future': 'Legal', 'gladiator': 'Legal', 'historic': 'Legal', 'legacy': 'Legal', 'modern': 'Legal', 'oathbreaker': 'Legal', 'pauper': 'Legal', 'paupercommander': 'Legal', 'pioneer': 'Legal', 'standard': 'Legal', 'standardbrawl': 'Legal', 'timeless': 'Legal', 'vintage': 'Legal'}",0,Abraded Bluffs,['OTJ'],"[{'date': '2024-04-12', 'text': 'Desert is a land subtype with no special meaning. It doesn’t grant the land an intrinsic mana ability. Other cards may care about which lands are Deserts.'}]"
abrupt-decay,"['B', 'G']",685,False,False,False,normal,"{'brawl': 'Legal', 'commander': 'Legal', 'duel': 'Legal', 'gladiator': 'Legal', 'historic': 'Legal', 'legacy': 'Legal', 'modern': 'Legal', 'oathbreaker': 'Legal', 'pioneer': 'Legal', 'timeless': 'Legal', 'vintage': 'Legal'}",2,Abrupt Decay,"['GK1', 'MB2', 'MM3', 'OTP', 'PLST', 'PRM', 'RTR', 'TSR', 'WMC']","[{'date': '2021-03-19', 'text': ""A spell or ability that counters spells can still target Abrupt Decay. When that spell or ability resolves, Abrupt Decay won't be countered, but any additional effects of the countering spell or ability will still happen.""}, {'date': '2021-03-19', 'text': 'If a permanent has {X} in its mana cost, X is considered to be 0.'}, {'date': '2021-03-19', 'text': ""The mana value of a token that isn't a copy of another object is 0. A token that is a copy of another object has the same mana cost as that object.""}, {'date': '2024-04-12', 'text': ""If you target a creature with ward, you may still pay the ward cost, but Abrupt Decay won't be countered even if you don't.""}]"
absolute-grace,['W'],18845,False,False,False,normal,"{'commander': 'Legal', 'duel': 'Legal', 'legacy': 'Legal', 'oathbreaker': 'Legal', 'predh': 'Legal', 'premodern': 'Legal', 'vintage': 'Legal'}",2,Absolute Grace,['USG'],"[{'date': '2004-10-04', 'text': 'This affects all creatures, not just your own.'}]"
absolute-law,['W'],19428,False,False,False,normal,"{'commander': 'Legal', 'duel': 'Legal', 'legacy': 'Legal', 'oathbreaker': 'Legal', 'predh': 'Legal', 'premodern': 'Legal', 'vintage': 'Legal'}",2,Absolute Law,"['USG', 'WC00']","[{'date': '2004-10-04', 'text': 'This affects all creatures, not just your own.'}]"
absolute-virtue,"['U', 'W']",6082,False,False,False,normal,"{'alchemy': 'Legal', 'brawl': 'Legal', 'commander': 'Legal', 'duel': 'Legal', 'future': 'Legal', 'gladiator': 'Legal', 'historic': 'Legal', 'legacy': 'Legal', 'modern': 'Legal', 'oathbreaker': 'Legal', 'pioneer': 'Legal', 'standard': 'Legal', 'standardbrawl': 'Legal', 'timeless': 'Legal', 'vintage': 'Legal'}",8,Absolute Virtue,"['FIN', 'PFIN']","[{'date': '2025-06-06', 'text': 'Protection from a player means that you have protection from each object controlled by that player. If an object has no controller (such as a card in a graveyard), its owner is considered its controller for this purpose.'}]"
absolver-thrull,['W'],25119,False,False,False,normal,"{'commander': 'Legal', 'duel': 'Legal', 'legacy': 'Legal', 'modern': 'Legal', 'oathbreaker': 'Legal', 'pauper': 'Legal', 'paupercommander': 'Legal', 'penny': 'Legal', 'predh': 'Legal', 'vintage': 'Legal'}",4,Absolver Thrull,['GPT'],
absolving-lammasu,['W'],28909,False,False,False,normal,"{'brawl': 'Legal', 'commander': 'Legal', 'duel': 'Legal', 'future': 'Legal', 'gladiator': 'Legal', 'historic': 'Legal', 'legacy': 'Legal', 'modern': 'Legal', 'oathbreaker': 'Legal', 'penny': 'Legal', 'pioneer': 'Legal', 'standard': 'Legal', 'standardbrawl': 'Legal', 'timeless': 'Legal', 'vintage': 'Legal'}",5,Absolving Lammasu,['MKM'],"[{'date': '2024-02-02', 'text': ""Being suspected isn't a copiable value. If a permanent becomes a copy of a suspected creature, it won't be suspected.""}, {'date': '2024-02-02', 'text': ""If a creature is already suspected, suspecting it again won't have any effect.""}, {'date': '2024-02-02', 'text': 'If a suspected creature loses all abilities, it will lose menace and ""This creature can\'t block"", but it won\'t stop being suspected.'}, {'date': '2024-02-02', 'text': ""There's no limit to the number of creatures that can be suspected simultaneously. Suspecting a new creature doesn't cause other creatures to stop being suspected.""}, {'date': '2024-02-02', 'text': 'When an effect suspects a creature, it becomes suspected. It gains menace and ""This creature can\'t block"" for as long as it\'s suspected. It stays suspected until it leaves the battlefield or another effect causes it to no longer be suspected.'}, {'date': '2024-02-02', 'text': ""You don't have to choose a target for Absolving Lammasu's last ability. However, if you do, and that permanent is an illegal target at the time the ability tries to resolve, it won't resolve and none of its effects will happen. You won't gain life.""}]"
absorb,"['U', 'W']",3796,False,False,False,normal,"{'brawl': 'Legal', 'commander': 'Legal', 'duel': 'Legal', 'gladiator': 'Legal', 'historic': 'Legal', 'legacy': 'Legal', 'modern': 'Legal', 'oathbreaker': 'Legal', 'penny': 'Legal', 'pioneer': 'Legal', 'predh': 'Legal', 'premodern': 'Legal', 'timeless': 'Legal', 'vintage': 'Legal'}",3,Absorb,"['DMR', 'INV', 'PRNA', 'RNA', 'SCD']","[{'date': '2022-12-08', 'text': ""A spell that can't be countered is a legal target for Absorb. The spell won't be countered when Absorb resolves, but you'll still gain 3 life.""}]"
absorb-identity,['U'],13667,False,False,False,normal,"{'brawl': 'Legal', 'commander': 'Legal', 'duel': 'Legal', 'gladiator': 'Legal', 'historic': 'Legal', 'legacy': 'Legal', 'modern': 'Legal', 'oathbreaker': 'Legal', 'pioneer': 'Legal', 'timeless': 'Legal', 'vintage': 'Legal'}",2,Absorb Identity,['KHM'],"[{'date': '2021-02-05', 'text': 'Either all Shapeshifters you control will become copies of the creature or none of them will.'}, {'date': '2021-02-05', 'text': ""If Shapeshifters you control do become copies of the creature, they'll use the copiable values of the creature as it last existed on the battlefield. They don't copy whether that creature was tapped or untapped, whether it had any counters on it, whether it had any Auras and/or Equipment attached to it, or any non-copy effects that changed its power, toughness, types, color, and so on.""}, {'date': '2021-02-05', 'text': 'If the creature that was returned was copying something else, the Shapeshifters that become copies of that creature will use the copiable values of that creature. In most cases, they will be copies of whatever that creature was copying. If it was copying a permanent or card with {X} in its mana cost, X is 0.'}, {'date': '2021-02-05', 'text': ""If the target creature is an illegal target as Absorb Identity tries to resolve, it won't resolve and none of its effects will happen. Shapeshifters you control won't become copies of the creature.""}]"
absorb-vis,['B'],19398,False,False,False,normal,"{'commander': 'Legal', 'duel': 'Legal', 'legacy': 'Legal', 'modern': 'Legal', 'oathbreaker': 'Legal', 'pauper': 'Legal', 'paupercommander': 'Legal', 'penny': 'Legal', 'predh': 'Legal', 'vintage': 'Legal'}",7,Absorb Vis,"['CN2', 'CON', 'DDK', 'MMA', 'PLST']","[{'date': '2009-02-01', 'text': 'Basic landcycling is a form of cycling. Any ability that triggers on a card being cycled also triggers on a card being basic landcycled. Any ability that stops a cycling ability from being activated also stops a basic landcycling ability from being activated.'}, {'date': '2009-02-01', 'text': 'Basic landcycling is an activated ability. Effects that interact with activated abilities (such as Stifle or Rings of Brighthearth) will interact with basic landcycling. Effects that interact with spells (such as Remove Soul or Faerie Tauntings) will not.'}, {'date': '2009-02-01', 'text': ""Unlike the normal cycling ability, basic landcycling doesn't allow you to draw a card. Instead, it lets you search your library for a basic land card. You don't choose the type of basic land card you'll find until you're performing the search. After you choose a basic land card in your library, you reveal it, put it into your hand, then shuffle your library.""}, {'date': '2009-02-01', 'text': 'You can choose not to find a basic land card, even if there is one in your library.'}]"
abstergo-entertainment,[],2166,False,False,False,normal,"{'commander': 'Legal', 'duel': 'Legal', 'legacy': 'Legal', 'modern': 'Legal', 'oathbreaker': 'Legal', 'penny': 'Legal', 'vintage': 'Legal'}",0,Abstergo Entertainment,['ACR'],"[{'date': '2024-07-05', 'text': 'A card, spell, or permanent is historic if it has the legendary supertype, the artifact card type, or the Saga subtype. Having two of those qualities doesn’t make an object more historic than another or provide an additional bonus—an object either is historic or it isn’t.'}, {'date': '2024-07-05', 'text': 'An ability that triggers “whenever you cast a historic spell” doesn’t trigger if a historic card is put onto the battlefield without being cast.'}, {'date': '2024-07-05', 'text': 'Lands are never cast, so abilities that trigger “whenever you cast a historic spell” won’t trigger if you play a legendary land. They also won’t trigger if a card on the battlefield transforms into a card with the legendary supertype, the artifact card type, or the Saga subtype.'}, {'date': '2024-07-05', 'text': 'Some abilities trigger “whenever you cast a historic spell.” Such an ability resolves before the spell that caused it to trigger. It resolves even if that spell is countered.'}, {'date': '2024-07-05', 'text': 'You don’t have to choose a target historic card to activate Abstergo Entertainment’s last ability. However, if you do, and that card is an illegal target at the time the ability tries to resolve, it won’t resolve and none of its effects will happen. No graveyards will be exiled.'}]"
abstruse-appropriation,"['B', 'W']",5158,False,False,False,normal,"{'brawl': 'Legal', 'commander': 'Legal', 'duel': 'Legal', 'gladiator': 'Legal', 'historic': 'Legal', 'legacy': 'Legal', 'modern': 'Legal', 'oathbreaker': 'Legal', 'penny': 'Legal', 'timeless': 'Legal', 'vintage': 'Legal'}",4,Abstruse Appropriation,"['MH3', 'PMH3']","[{'date': '2024-06-07', 'text': ""A card with devoid is just colorless. It's not colorless and the colors of mana in its mana cost.""}, {'date': '2024-06-07', 'text': ""Abstruse Appropriation doesn't change when you can cast the exiled card. For example, if you exile a creature card without flash, you can cast it only during your main phase when the stack is empty.""}, {'date': '2024-06-07', 'text': ""Devoid doesn't affect the color identity of the card for the purposes of the Commander variant. For example, while Abstruse Appropriation is colorless because it has devoid, its color identity is still white and black, and it can't be included in a Commander deck where the commander's color identity doesn't include both white and black.""}, {'date': '2024-06-07', 'text': 'Devoid works in all zones, not just on the battlefield.'}, {'date': '2024-06-07', 'text': ""If a card loses devoid, it will still be colorless. This is because effects that change an object's color (like the one created by devoid) are considered before the object loses devoid.""}, {'date': '2024-06-07', 'text': ""If a token is exiled this way, it will cease to exist and won't return to the battlefield. You can't cast it.""}, {'date': '2024-06-07', 'text': ""In a multiplayer game, if a player leaves the game, all cards that player owns leave as well. If you leave the game, any spells or permanents you control from Abstruse Appropriation's effect are exiled, and any cards still exiled by it remain exiled.""}, {'date': '2024-06-07', 'text': ""In the rare case where the exiled card is a land card (probably because that land became a copy of a permanent while it was still on the battlefield), you won't be able to play it from exile.""}, {'date': '2024-06-07', 'text': ""Other cards and abilities can give a card with devoid a color. If that happens, it's just the new color, not that color and colorless.""}]"
abstruse-archaic,[],5278,False,False,False,normal,"{'commander': 'Legal', 'duel': 'Legal', 'legacy': 'Legal', 'oathbreaker': 'Legal', 'vintage': 'Legal'}",4,Abstruse Archaic,['CMM'],"[{'date': '2023-07-28', 'text': 'Abstruse Archaic\'s ability can copy activated and triggered abilities of dungeons, emblems, planes, and phenomenons. It can\'t copy the Planechase-specific ""planeswalking ability"" or the triggered abilities associated with the monarch or initiative designations, as those abilities have no source.'}, {'date': '2023-07-28', 'text': ""Abstruse Archaic's ability targets an ability that is on the stack and creates another instance of that ability on the stack. It doesn't cause any object to gain an ability.""}, {'date': '2023-07-28', 'text': 'Activated abilities contain a colon. They\'re generally written ""[Cost]: [Effect]."" Some keyword abilities (such as equip) are activated abilities and will have colons in their reminder text. An activated mana ability is one that produces mana as it resolves, not one that costs mana to activate.'}, {'date': '2023-07-28', 'text': ""Any choices made when the ability resolves won't have been made yet when it's copied. Any such choices will be made separately when the copy resolves. If a triggered ability asks you to pay a cost, you pay that cost for the copy separately.""}, {'date': '2023-07-28', 'text': 'If an ability is linked to a second ability, copies of that ability are also linked to that second ability. If the second ability refers to ""the exiled card,"" it refers to all cards exiled by the ability and the copy. For example, if Tidehollow Sculler\'s enters-the-battlefield ability is copied and two cards are exiled, they both return when Tidehollow Sculler leaves the battlefield.'}, {'date': '2023-07-28', 'text': ""If the ability divides damage or distributes counters among a number of targets, the division and number of targets can't be changed. If you choose new targets, you must choose the same number of targets.""}, {'date': '2023-07-28', 'text': 'If the ability is modal (that is, if it says, ""Choose one —"" or similar), the mode is copied and can\'t be changed.'}, {'date': '2023-07-28', 'text': ""If the activated ability's cost contains a choice, such as a creature to sacrifice or a number of counters to remove, the copy uses that same information. You can't pay the cost again, even if you want to.""}, {'date': '2023-07-28', 'text': 'In some cases involving linked abilities, an ability requires information about ""the exiled card."" When this happens, the ability gets multiple answers. If these answers are being used to determine the value of a variable, the sum is used. If an ability attempts to create a token that is a copy of ""the exiled card,"" it creates a token for each card exiled this way that is a copy of that card.'}, {'date': '2023-07-28', 'text': 'The source of the copy is the same as the source of the original ability.'}, {'date': '2023-07-28', 'text': 'Triggered abilities use the word ""when,"" ""whenever,"" or ""at."" They\'re often written as ""[Trigger condition], [effect]."" Some keyword abilities are triggered abilities and will have ""when,"" ""whenever,"" or ""at the beginning of"" in their reminder text.'}]"
abstruse-interference,['U'],14989,False,False,False,normal,"{'commander': 'Legal', 'duel': 'Legal', 'legacy': 'Legal', 'modern': 'Legal', 'oathbreaker': 'Legal', 'pauper': 'Legal', 'paupercommander': 'Legal', 'penny': 'Legal', 'pioneer': 'Legal', 'vintage': 'Legal'}",3,Abstruse Interference,['OGW'],"[{'date': '2016-01-22', 'text': 'You get the Eldrazi Scion even if the controller of the spell pays {1}.'}]"
abu-ja-far,['W'],21235,False,False,False,normal,"{'commander': 'Legal', 'duel': 'Legal', 'legacy': 'Legal', 'oathbreaker': 'Legal', 'oldschool': 'Legal', 'predh': 'Legal', 'premodern': 'Legal', 'vintage': 'Legal'}",1,Abu Ja'far,"['ARN', 'BCHR', 'CHR', 'PRM', 'RIN']",
abuelo-ancestral-echo,"['U', 'W']",5260,False,False,False,normal,"{'brawl': 'Legal', 'commander': 'Legal', 'duel': 'Legal', 'future': 'Legal', 'gladiator': 'Legal', 'historic': 'Legal', 'legacy': 'Legal', 'modern': 'Legal', 'oathbreaker': 'Legal', 'penny': 'Legal', 'pioneer': 'Legal', 'standard': 'Legal', 'standardbrawl': 'Legal', 'timeless': 'Legal', 'vintage': 'Legal'}",3,"Abuelo, Ancestral Echo","['LCI', 'PLCI']","[{'date': '2023-11-10', 'text': ""An Equipment that's also a creature can't be attached to anything. You can activate its equip ability, but it won't become attached.""}, {'date': '2023-11-10', 'text': 'An artifact creature card or enchantment creature card returned this way will have base power and toughness 1/1.'}, {'date': '2023-11-10', 'text': 'If a double-faced card is exiled this way, it will return with its front face up, no matter which face was up when it left the battlefield.'}, {'date': '2023-11-10', 'text': ""If a token is exiled this way, it ceases to exist and won't return to the battlefield.""}, {'date': '2023-11-10', 'text': ""If another effect causes one of the returned permanents to become a creature and sets its base power and toughness as it does so, that creature will have that power and toughness; it won't be 1/1. Notably, crewing a Vehicle does not set its power and toughness, so a Vehicle will remain a 1/1 if you crew it.""}, {'date': '2023-11-10', 'text': 'The exiled card will return to the battlefield at the beginning of the next end step even if Abuelo, Ancestral Echo is no longer on the battlefield at that time.'}]"
abuelo-s-awakening,['W'],14635,False,False,False,normal,"{'brawl': 'Legal', 'commander': 'Legal', 'duel': 'Legal', 'future': 'Banned', 'gladiator': 'Legal', 'historic': 'Legal', 'legacy': 'Legal', 'modern': 'Legal', 'oathbreaker': 'Legal', 'penny': 'Legal', 'pioneer': 'Legal', 'standard': 'Banned', 'standardbrawl': 'Legal', 'timeless': 'Legal', 'vintage': 'Legal'}",4,Abuelo's Awakening,"['LCI', 'PLCI']",
abuna-acolyte,['W'],25174,False,False,False,normal,"{'commander': 'Legal', 'duel': 'Legal', 'legacy': 'Legal', 'modern': 'Legal', 'oathbreaker': 'Legal', 'predh': 'Legal', 'vintage': 'Legal'}",2,Abuna Acolyte,['SOM'],
abuna-s-chant,['W'],22613,False,False,False,normal,"{'commander': 'Legal', 'duel': 'Legal', 'legacy': 'Legal', 'modern': 'Legal', 'oathbreaker': 'Legal', 'pauper': 'Legal', 'paupercommander': 'Legal', 'penny': 'Legal', 'predh': 'Legal', 'vintage': 'Legal'}",4,Abuna's Chant,['5DN'],
abundance,['G'],1713,False,False,False,normal,"{'commander': 'Legal', 'duel': 'Legal', 'legacy': 'Legal', 'modern': 'Legal', 'oathbreaker': 'Legal', 'penny': 'Legal', 'predh': 'Legal', 'premodern': 'Legal', 'vintage': 'Legal'}",4,Abundance,"['10E', '40K', 'C17', 'CMM', 'DDR', 'USG', 'ZNC']","[{'date': '2004-10-04', 'text': ""If no card of the chosen type is found before your library empties, you don't get a card, but you do get to order all the cards in your library any way you choose.""}, {'date': '2004-10-04', 'text': 'If you use this on a multi-card draw, each replaced draw is handled separately. In other words, you reveal and then put on the bottom of the library for the first card, then do the same for the second, and so on. In a multi-card draw you do not have to choose how many of those draws will be replaced before you do any drawing or use of this card.'}, {'date': '2004-10-04', 'text': 'This replacement effect replaces the draw, so nothing that triggers on a draw will trigger.'}, {'date': '2007-07-15', 'text': ""If your library is empty, Abundance can prevent you from losing the game for being unable to draw a card. If an effect or turn-based action would cause you to draw a card, you can replace that draw with Abundance's replacement effect. (It doesn't matter that you'd be unable to actually draw a card.) Since Abundance's effect has you put a card into your hand instead of drawing a card, you'll never be forced to draw a card with an empty library.""}]"
abundant-countryside,[],4732,False,False,False,normal,"{'commander': 'Legal', 'duel': 'Legal', 'legacy': 'Legal', 'oathbreaker': 'Legal', 'vintage': 'Legal'}",0,Abundant Countryside,['ECC'],"[{'date': '2025-11-17', 'text': 'Changeling is a characteristic-defining ability. It functions in all zones, not only while a card that has it is on the battlefield.'}, {'date': '2025-11-17', 'text': 'If an effect causes a creature with changeling to become a new creature type, it will be only that new creature type (unless the effect says ""in addition"" or similar). It will still have changeling; the effect making it all creature types will simply be overwritten.'}, {'date': '2025-11-17', 'text': 'If an effect causes a creature with changeling to lose all abilities, it will remain all creature types, even though it will no longer have changeling. This is because changeling applies before the effect that removes it.'}, {'date': '2025-11-17', 'text': 'The subtype Shapeshifter that appears on the type line is mostly there to reinforce the flavor. A creature card with changeling is just as much a Kithkin, a Goblin, a Merfolk, and a Brushwagg as it is a Shapeshifter.'}]"
abundant-growth,['G'],2433,False,False,False,normal,"{'commander': 'Legal', 'duel': 'Legal', 'legacy': 'Legal', 'modern': 'Legal', 'oathbreaker': 'Legal', 'pauper': 'Legal', 'paupercommander': 'Legal', 'vintage': 'Legal'}",1,Abundant Growth,"['AFC', 'AVR', 'DMC', 'ECC', 'EMA', 'INR', 'PIP', 'PLST', 'SLD']","[{'date': '2016-06-08', 'text': ""The enchanted land retains any other abilities it has. Activating one of the land's activated abilities won't cause the other(s) to be activated.""}]"
abundant-harvest,['G'],6667,False,False,False,normal,"{'brawl': 'Legal', 'commander': 'Legal', 'duel': 'Legal', 'gladiator': 'Legal', 'historic': 'Legal', 'legacy': 'Legal', 'modern': 'Legal', 'oathbreaker': 'Legal', 'pauper': 'Legal', 'paupercommander': 'Legal', 'timeless': 'Legal', 'vintage': 'Legal'}",1,Abundant Harvest,"['CMM', 'MH2', 'STA']",
abundant-maw,['B'],21011,False,False,False,normal,"{'brawl': 'Legal', 'commander': 'Legal', 'duel': 'Legal', 'gladiator': 'Legal', 'historic': 'Legal', 'legacy': 'Legal', 'modern': 'Legal', 'oathbreaker': 'Legal', 'pauper': 'Legal', 'paupercommander': 'Legal', 'penny': 'Legal', 'pioneer': 'Legal', 'timeless': 'Legal', 'vintage': 'Legal'}",8,Abundant Maw,"['EMN', 'INR', 'SIR']","[{'date': '2025-01-24', 'text': 'A creature’s mana value is determined solely by the mana symbols printed in its upper right corner (unless that creature is the back face of a double-faced card, is a melded permanent, or is copying something else; see below). If the mana cost includes {X}, X is 0. If it’s a single-faced card with no mana symbols in its upper right corner (because it’s an animated land, for example), its mana value is 0. Ignore any alternative costs or additional costs (such as kicker) that were paid as the creature was cast.'}, {'date': '2025-01-24', 'text': 'An ability that triggers when a player casts a spell resolves before the spell that caused it to trigger. It resolves even if that spell is countered or otherwise leaves the stack without resolving.'}, {'date': '2025-01-24', 'text': 'Colored mana components of emerge costs can’t be reduced with emerge.'}, {'date': '2025-01-24', 'text': 'Emerge represents two static abilities that function while the spell with emerge is on the stack. “Emerge [cost]” means “You may cast this spell by paying [cost] and sacrificing a creature rather than paying its mana cost” and “If you chose to pay this spell’s emerge cost, its total cost is reduced by an amount of generic mana equal to the sacrificed creature’s mana value.”'}, {'date': '2025-01-24', 'text': 'If you cast a spell for another cost “rather than paying its mana cost,” such as an emerge cost, you can’t choose to cast it for any other alternative costs. You can, however, pay additional costs, such as kicker costs. If the spell has any mandatory additional costs, those must be paid to cast it.'}, {'date': '2025-01-24', 'text': 'If you sacrifice a creature with {X} in its mana cost, that X is 0.'}, {'date': '2025-01-24', 'text': 'Once you begin to cast a spell with emerge, no player may take actions until you’re done. Notably, opponents can’t try to remove the creature you wish to sacrifice.'}, {'date': '2025-01-24', 'text': 'The creature chosen to be sacrificed is still on the battlefield as the cost of the emerge spell is determined and as you activate mana abilities to cast the emerge spell. Its abilities may affect the spell’s cost, be activated to generate mana, and so on. However, if it has an ability that triggers when a spell is cast, it will have been sacrificed before that ability can trigger.'}, {'date': '2025-01-24', 'text': 'The mana value of a creature spell with emerge isn’t affected by whether its emerge cost is paid. For example, if you cast Decimator of the Provinces for its emerge cost and sacrifice a creature whose mana value is 3, Decimator of the Provinces’s mana value remains 10.'}, {'date': '2025-01-24', 'text': 'The mana value of the back face of a double-faced card is the mana value of its front face. The mana value of a melded permanent is the sum of the mana values of its front faces. A creature that’s a copy of either has a mana value of 0.'}, {'date': '2025-01-24', 'text': 'You may sacrifice a creature with a mana value of 0, such as a token creature that’s not a copy of another permanent, to cast a spell for its emerge cost. You’ll just pay the full emerge cost with no reduction.'}, {'date': '2025-01-24', 'text': 'You may sacrifice a creature with mana value greater than or equal to the emerge cost. If you do, you’ll pay only the colored mana component of the emerge cost.'}]"
abyssal-gatekeeper,['B'],10832,False,False,False,normal,"{'commander': 'Legal', 'duel': 'Legal', 'legacy': 'Legal', 'oathbreaker': 'Legal', 'pauper': 'Legal', 'paupercommander': 'Legal', 'predh': 'Legal', 'premodern': 'Legal', 'vintage': 'Legal'}",2,Abyssal Gatekeeper,"['DDC', 'DVD', 'TD0', 'WTH']","[{'date': '2004-10-04', 'text': 'The ""sacrifice a creature"" effect is not targeted. It can affect creatures with protection from black, for example.'}, {'date': '2008-04-01', 'text': 'The player whose turn it is chooses a creature to sacrifice, then each other player in turn order chooses a creature to sacrifice, then all chosen creatures are sacrificed at the same time.'}]"
abyssal-gorestalker,['B'],14177,False,False,False,normal,"{'brawl': 'Legal', 'commander': 'Legal', 'duel': 'Legal', 'future': 'Legal', 'gladiator': 'Legal', 'historic': 'Legal', 'legacy': 'Legal', 'modern': 'Legal', 'oathbreaker': 'Legal', 'penny': 'Legal', 'pioneer': 'Legal', 'standard': 'Legal', 'standardbrawl': 'Legal', 'timeless': 'Legal', 'vintage': 'Legal'}",6,Abyssal Gorestalker,['LCI'],"[{'date': '2023-11-10', 'text': 'As the enters-the-battlefield ability resolves, first the player whose turn it is chooses which two creatures they are going to sacrifice, then each other player in turn order does the same. Players will know the choices of previous players when making their choices. Then all creatures are sacrificed by their controllers simultaneously.'}, {'date': '2023-11-10', 'text': 'If a player controls only one creature as the ability resolves, they must sacrifice it.'}, {'date': '2023-11-10', 'text': 'You may sacrifice Abyssal Gorestalker to its own ability. If it is the only creature you control or one of two creatures you control, you must sacrifice it.'}]"
abyssal-harvester,['B'],3200,False,False,False,normal,"{'alchemy': 'Legal', 'brawl': 'Legal', 'commander': 'Legal', 'duel': 'Legal', 'future': 'Legal', 'gladiator': 'Legal', 'historic': 'Legal', 'legacy': 'Legal', 'modern': 'Legal', 'oathbreaker': 'Legal', 'penny': 'Legal', 'pioneer': 'Legal', 'standard': 'Legal', 'standardbrawl': 'Legal', 'timeless': 'Legal', 'vintage': 'Legal'}",3,Abyssal Harvester,"['FDN', 'PFDN']","[{'date': '2024-11-08', 'text': ""Abyssal Harvester's ability will exile all other Nightmare tokens you control, not just Nightmare tokens created with Abyssal Harvester's ability.""}, {'date': '2024-11-08', 'text': ""Except for the listed exception, the token created by Abyssal Harvester's ability copies exactly what was printed on the original card and nothing else. It doesn't copy information about the object that card was before it was put into that graveyard.""}, {'date': '2024-11-08', 'text': 'If a card copied by the token had any ""when this creature enters"" abilities, the appropriate token also has those abilities and will trigger them when it\'s created. Similarly, any ""as this creature enters"" or ""this creature enters with"" abilities that the token has copied will also work.'}, {'date': '2024-11-08', 'text': 'The token is a Nightmare in addition to its other creature types. This is a copiable value of the token that other effects may copy.'}]"
abyssal-horror,['B'],23619,False,False,False,normal,"{'commander': 'Legal', 'duel': 'Legal', 'legacy': 'Legal', 'oathbreaker': 'Legal', 'penny': 'Legal', 'predh': 'Legal', 'premodern': 'Legal', 'vintage': 'Legal'}",6,Abyssal Horror,"['7ED', 'S99', 'USG']",
abyssal-hunter,['B'],24429,False,False,False,normal,"{'commander': 'Legal', 'duel': 'Legal', 'legacy': 'Legal', 'oathbreaker': 'Legal', 'predh': 'Legal', 'premodern': 'Legal', 'vintage': 'Legal'}",4,Abyssal Hunter,"['6ED', 'MIR']","[{'date': '2004-10-04', 'text': 'The ability can target an already tapped creature.'}]"
abyssal-nightstalker,['B'],26710,False,False,False,normal,"{'commander': 'Legal', 'duel': 'Legal', 'legacy': 'Legal', 'oathbreaker': 'Legal', 'predh': 'Legal', 'vintage': 'Legal'}",4,Abyssal Nightstalker,['P02'],"[{'date': '2013-04-15', 'text': 'An ability that triggers when something ""attacks and isn\'t blocked"" triggers in the declare blockers step after blockers are declared if (1) that creature is attacking and (2) no creatures are declared to block it. It will trigger even if that creature was put onto the battlefield attacking rather than having been declared as an attacker in the declare attackers step.'}]"
abyssal-nocturnus,['B'],19473,False,False,False,normal,"{'commander': 'Legal', 'duel': 'Legal', 'legacy': 'Legal', 'modern': 'Legal', 'oathbreaker': 'Legal', 'penny': 'Legal', 'predh': 'Legal', 'vintage': 'Legal'}",3,Abyssal Nocturnus,['GPT'],"[{'date': '2006-02-01', 'text': ""If your opponent discards any cards during their cleanup step to get down to the maximum hand size, the ability will trigger and players will receive priority. After that cleanup step ends, a new one will begin and Abyssal Nocturnus's effect will end. It won't carry over into the next turn.""}, {'date': '2006-02-01', 'text': 'If your opponent discards multiple cards to a single effect, this will trigger multiple times.'}]"
abyssal-persecutor,['B'],6377,False,False,False,normal,"{'commander': 'Legal', 'duel': 'Legal', 'legacy': 'Legal', 'modern': 'Legal', 'oathbreaker': 'Legal', 'penny': 'Legal', 'predh': 'Legal', 'vintage': 'Legal'}",4,Abyssal Persecutor,"['C14', 'IMA', 'LTC', 'PZ1', 'WWK']","[{'date': '2017-11-17', 'text': ""Abyssal Persecutor won't preclude an opponent's life total from reaching 0 or less. It will just preclude that player from losing the game as a result.""}, {'date': '2017-11-17', 'text': 'Effects that say the game is a draw, such as the _Legends_(TM) card Divine Intervention, are not affected by Abyssal Persecutor.'}, {'date': '2017-11-17', 'text': ""Even though your opponents can't lose the game, a player can't pay an amount of life that's greater than their life total. If a player's life total is 0 or less, that player can't pay life at all, with one exception: a player may always pay 0 life.""}, {'date': '2017-11-17', 'text': 'If Abyssal Persecutor leaves the battlefield while an opponent has 0 or less life, that opponent will lose the game as a state-based action. No player can respond between the time Abyssal Persecutor leaves the battlefield and the time that player loses the game.'}, {'date': '2017-11-17', 'text': ""No game effect can cause you to win the game or cause any opponent to lose the game while you control Abyssal Persecutor. It doesn't matter whether an opponent has 0 or less life, an opponent is forced to draw a card while their library is empty, an opponent has ten or more poison counters, an opponent is dealt combat damage by Phage the Untouchable, you control Felidar Sovereign and have 40 or more life, or so on. You keep playing.""}, {'date': '2017-11-17', 'text': ""Other circumstances can still cause an opponent to lose the game, however. An opponent will lose a game if they concede, if that player is penalized with a Game Loss or a Match Loss during a sanctioned tournament due to a DCI rules infraction, or if that player's Magic Online® game clock runs out of time.""}]"
abyssal-specter,['B'],16439,False,False,False,normal,"{'commander': 'Legal', 'duel': 'Legal', 'legacy': 'Legal', 'modern': 'Legal', 'oathbreaker': 'Legal', 'penny': 'Legal', 'predh': 'Legal', 'premodern': 'Legal', 'vintage': 'Legal'}",4,Abyssal Specter,"['5ED', '6ED', '7ED', '8ED', 'BRB', 'DDC', 'DKM', 'DPA', 'DVD', 'ICE', 'MM3', 'PS11']",
abzan-advantage,['W'],20513,False,False,False,normal,"{'commander': 'Legal', 'duel': 'Legal', 'legacy': 'Legal', 'modern': 'Legal', 'oathbreaker': 'Legal', 'pauper': 'Legal', 'paupercommander': 'Legal', 'pioneer': 'Legal', 'vintage': 'Legal'}",2,Abzan Advantage,['FRF'],"[{'date': '2014-11-24', 'text': ""Bolster itself doesn't target any creature, though some spells and abilities that bolster may have other effects that target creatures. For example, you could put counters on a creature with protection from white with Abzan Skycaptain's bolster ability.""}, {'date': '2014-11-24', 'text': 'The enchantment will have already left the battlefield when you bolster 1.'}, {'date': '2014-11-24', 'text': ""You can target any player with Abzan Advantage, even if that player doesn't control an enchantment.""}, {'date': '2014-11-24', 'text': 'You determine which creature to put counters on as the spell or ability that instructs you to bolster resolves.'}]"
abzan-ascendancy,"['B', 'G', 'W']",9463,False,False,False,normal,"{'brawl': 'Legal', 'commander': 'Legal', 'duel': 'Legal', 'gladiator': 'Legal', 'historic': 'Legal', 'legacy': 'Legal', 'modern': 'Legal', 'oathbreaker': 'Legal', 'penny': 'Legal', 'pioneer': 'Legal', 'timeless': 'Legal', 'vintage': 'Legal'}",3,Abzan Ascendancy,"['2X2', 'C20', 'KTK', 'PKTK']",
abzan-banner,"['B', 'G', 'W']",14976,False,False,False,normal,"{'brawl': 'Legal', 'commander': 'Legal', 'duel': 'Legal', 'gladiator': 'Legal', 'historic': 'Legal', 'legacy': 'Legal', 'modern': 'Legal', 'oathbreaker': 'Legal', 'pauper': 'Legal', 'paupercommander': 'Legal', 'penny': 'Legal', 'pioneer': 'Legal', 'timeless': 'Legal', 'vintage': 'Legal'}",3,Abzan Banner,['KTK'],
abzan-battle-priest,['W'],3484,False,False,False,normal,"{'brawl': 'Legal', 'commander': 'Legal', 'duel': 'Legal', 'gladiator': 'Legal', 'historic': 'Legal', 'legacy': 'Legal', 'modern': 'Legal', 'oathbreaker': 'Legal', 'penny': 'Legal', 'pioneer': 'Legal', 'timeless': 'Legal', 'vintage': 'Legal'}",4,Abzan Battle Priest,"['IMA', 'J21', 'KTK', 'MOC', 'PLST']","[{'date': '2014-09-20', 'text': 'Several creatures with outlast also grant an ability to creatures you control with +1/+1 counters on them, including themselves. These counters could come from an outlast ability, but any +1/+1 counter on the creature will count.'}, {'date': '2014-09-20', 'text': ""The cost to activate a creature's outlast ability includes the tap symbol ({T}). A creature's outlast ability can't be activated unless that creature has been under your control continuously since the beginning of your turn.""}]"
abzan-beastmaster,['G'],7557,False,False,False,normal,"{'commander': 'Legal', 'duel': 'Legal', 'legacy': 'Legal', 'modern': 'Legal', 'oathbreaker': 'Legal', 'penny': 'Legal', 'pioneer': 'Legal', 'vintage': 'Legal'}",3,Abzan Beastmaster,"['F15', 'FRF', 'PLST', 'PRM']","[{'date': '2014-11-24', 'text': 'The ability checks the creatures on the battlefield as it resolves to determine if you will draw a card.'}, {'date': '2014-11-24', 'text': ""You'll draw a maximum of one card, even if you control multiple creatures tied for the greatest toughness.""}]"
abzan-charm,"['B', 'G', 'W']",4083,False,False,False,normal,"{'brawl': 'Legal', 'commander': 'Legal', 'duel': 'Legal', 'gladiator': 'Legal', 'historic': 'Legal', 'legacy': 'Legal', 'modern': 'Legal', 'oathbreaker': 'Legal', 'pioneer': 'Legal', 'timeless': 'Legal', 'vintage': 'Legal'}",3,Abzan Charm,"['2X2', 'C16', 'C20', 'DMC', 'KTK', 'PLST']","[{'date': '2014-09-20', 'text': ""If you choose the third mode, you choose how the counters will be distributed as you cast the spell. Notably, if you choose to put one +1/+1 counter on each of two target creatures, and one of those creatures becomes an illegal target in response, the +1/+1 counter that would have been put on that creature is lost. It can't be put on the remaining legal target.""}]"
abzan-devotee,"['B', 'G', 'W']",19465,False,False,False,normal,"{'alchemy': 'Legal', 'brawl': 'Legal', 'commander': 'Legal', 'duel': 'Legal', 'future': 'Legal', 'gladiator': 'Legal', 'historic': 'Legal', 'legacy': 'Legal', 'modern': 'Legal', 'oathbreaker': 'Legal', 'pauper': 'Legal', 'paupercommander': 'Legal', 'penny': 'Legal', 'pioneer': 'Legal', 'standard': 'Legal', 'standardbrawl': 'Legal', 'timeless': 'Legal', 'vintage': 'Legal'}",2,Abzan Devotee,['TDM'],
abzan-falconer,['W'],1384,False,False,False,normal,"{'brawl': 'Legal', 'commander': 'Legal', 'duel': 'Legal', 'gladiator': 'Legal', 'historic': 'Legal', 'legacy': 'Legal', 'modern': 'Legal', 'oathbreaker': 'Legal', 'pioneer': 'Legal', 'timeless': 'Legal', 'vintage': 'Legal'}",3,Abzan Falconer,"['2X2', 'C16', 'CM2', 'IMA', 'J21', 'KTK', 'MIC', 'MOC', 'PLST', 'ZNC']","[{'date': '2014-09-20', 'text': 'Several creatures with outlast also grant an ability to creatures you control with +1/+1 counters on them, including themselves. These counters could come from an outlast ability, but any +1/+1 counter on the creature will count.'}, {'date': '2014-09-20', 'text': ""The cost to activate a creature's outlast ability includes the tap symbol ({T}). A creature's outlast ability can't be activated unless that creature has been under your control continuously since the beginning of your turn.""}]"
abzan-guide,"['B', 'G', 'W']",28803,False,False,False,normal,"{'brawl': 'Legal', 'commander': 'Legal', 'duel': 'Legal', 'gladiator': 'Legal', 'historic': 'Legal', 'legacy': 'Legal', 'modern': 'Legal', 'oathbreaker': 'Legal', 'pauper': 'Legal', 'paupercommander': 'Legal', 'penny': 'Legal', 'pioneer': 'Legal', 'timeless': 'Legal', 'vintage': 'Legal'}",6,Abzan Guide,"['KTK', 'PLST']","[{'date': '2014-09-20', 'text': ""A permanent that turns face up or face down changes characteristics but is otherwise the same permanent. Spells and abilities that were targeting that permanent, as well as Auras and Equipment that were attached to the permanent, aren't affected.""}, {'date': '2014-09-20', 'text': ""Any time you have priority, you may turn the face-down creature face up by revealing what its morph cost is and paying that cost. This is a special action. It doesn't use the stack and can't be responded to. Only a face-down permanent can be turned face up this way; a face-down spell cannot.""}, {'date': '2014-09-20', 'text': ""At any time, you can look at a face-down spell or permanent you control. You can't look at face-down spells or permanents you don't control unless an effect instructs you to do so.""}, {'date': '2014-09-20', 'text': ""Because the permanent is on the battlefield both before and after it's turned face up, turning a permanent face up doesn't cause any enters-the-battlefield abilities to trigger.""}, {'date': '2014-09-20', 'text': 'If a face-down permanent leaves the battlefield, you must reveal it. You must also reveal all face-down spells and permanents you control if you leave the game or if the game ends.'}, {'date': '2014-09-20', 'text': 'Morph lets you cast a card face down by paying {3}, and lets you turn the face-down permanent face up any time you have priority by paying its morph cost.'}, {'date': '2014-09-20', 'text': 'The face-down spell has no mana cost and has a mana value of 0. When you cast a face-down spell, put it on the stack face down so no other player knows what it is, and pay {3}. This is an alternative cost.'}, {'date': '2014-09-20', 'text': ""When the spell resolves, it enters the battlefield as a 2/2 creature with no name, mana cost, creature types, or abilities. It's colorless and has a mana value of 0. Other effects that apply to the creature can still grant it any of these characteristics.""}, {'date': '2014-09-20', 'text': ""You must ensure that your face-down spells and permanents can easily be differentiated from each other. You're not allowed to mix up the cards that represent them on the battlefield in order to confuse other players. The order they entered the battlefield should remain clear. Common methods for doing this include using markers or dice, or simply placing them in order on the battlefield.""}]"
abzan-kin-guard,['G'],26983,False,False,False,normal,"{'commander': 'Legal', 'duel': 'Legal', 'legacy': 'Legal', 'modern': 'Legal', 'oathbreaker': 'Legal', 'pioneer': 'Legal', 'vintage': 'Legal'}",4,Abzan Kin-Guard,['FRF'],
